{
    "prepare_queue": {
        "installed": [],
        "uninstalled": []
    },
    "config_munge": {
        "files": {
            "config.xml": {
                "parents": {
                    "/*": [
                        {
                            "xml": "<feature name=\"Console\"><param name=\"ios-package\" value=\"CDVLogger\" /></feature>",
                            "count": 1
                        },
                        {
                            "xml": "<feature name=\"Device\"><param name=\"ios-package\" value=\"CDVDevice\" /></feature>",
                            "count": 1
                        },
                        {
                            "xml": "<feature name=\"Notification\"><param name=\"ios-package\" value=\"CDVNotification\" /></feature>",
                            "count": 1
                        },
                        {
                            "xml": "<feature name=\"FacebookConnectPlugin\"><param name=\"ios-package\" value=\"FacebookConnectPlugin\" /><param name=\"onload\" value=\"true\" /></feature>",
                            "count": 1
                        },
                        {
                            "xml": "<plugin name=\"FacebookConnectPlugin\" value=\"FacebookConnectPlugin\" />",
                            "count": 1
                        },
                        {
                            "xml": "<access origin=\"https://m.facebook.com\" />",
                            "count": 1
                        },
                        {
                            "xml": "<access origin=\"https://graph.facebook.com\" />",
                            "count": 1
                        },
                        {
                            "xml": "<access origin=\"https://api.facebook.com\" />",
                            "count": 1
                        },
                        {
                            "xml": "<access origin=\"https://*.fbcdn.net\" />",
                            "count": 1
                        },
                        {
                            "xml": "<access origin=\"https://*.akamaihd.net\" />",
                            "count": 1
                        },
                        {
                            "xml": "<feature name=\"Geolocation\"><param name=\"ios-package\" value=\"CDVLocation\" /></feature>",
                            "count": 1
                        },
                        {
                            "xml": "<feature name=\"GooglePlus\"><param name=\"ios-package\" value=\"GooglePlus\" /><param name=\"onload\" value=\"true\" /></feature>",
                            "count": 1
                        },
                        {
                            "xml": "<access origin=\"https://accounts.google.com/*\" />",
                            "count": 1
                        },
                        {
                            "xml": "<feature name=\"SplashScreen\"><param name=\"ios-package\" value=\"CDVSplashScreen\" /><param name=\"onload\" value=\"true\" /></feature>",
                            "count": 1
                        },
                        {
                            "xml": "<feature name=\"StatusBar\"><param name=\"ios-package\" value=\"CDVStatusBar\" /><param name=\"onload\" value=\"true\" /></feature>",
                            "count": 1
                        },
                        {
                            "xml": "<preference name=\"StatusBarOverlaysWebView\" value=\"true\" />",
                            "count": 1
                        },
                        {
                            "xml": "<preference name=\"StatusBarStyle\" value=\"lightcontent\" />",
                            "count": 1
                        },
                        {
                            "xml": "<feature name=\"Toast\"><param name=\"ios-package\" value=\"Toast\" /></feature>",
                            "count": 1
                        },
                        {
                            "xml": "<feature name=\"Keyboard\"><param name=\"ios-package\" onload=\"true\" value=\"IonicKeyboard\" /></feature>",
                            "count": 1
                        },
                        {
                            "xml": "<feature name=\"ActionSheet\"><param name=\"ios-package\" value=\"ActionSheet\" /></feature>",
                            "count": 1
                        },
                        {
                            "xml": "<feature name=\"LaunchNavigator\"><param name=\"ios-package\" value=\"LaunchNavigator\" /></feature>",
                            "count": 1
                        },
                        {
                            "xml": "<feature name=\"InAppBrowser\"><param name=\"ios-package\" value=\"CDVInAppBrowser\" /></feature>",
                            "count": 1
                        },
                        {
                            "xml": "<feature name=\"FirebasePlugin\"><param name=\"ios-package\" value=\"FirebasePlugin\" /><param name=\"onload\" value=\"true\" /></feature>",
                            "count": 1
                        }
                    ]
                }
            },
            "*-Info.plist": {
                "parents": {
                    "FacebookAppID": [
                        {
                            "xml": "<string>1857306741157529</string>",
                            "count": 1
                        }
                    ],
                    "FacebookDisplayName": [
                        {
                            "xml": "<string>scgasapp</string>",
                            "count": 1
                        }
                    ],
                    "CFBundleURLTypes": [
                        {
                            "xml": "<array><dict><key>CFBundleURLSchemes</key><array><string>fb1857306741157529</string></array></dict></array>",
                            "count": 1
                        },
                        {
                            "xml": "<array><dict><key>CFBundleTypeRole</key><string>Editor</string><key>CFBundleURLName</key><string>REVERSED_CLIENT_ID</string><key>CFBundleURLSchemes</key><array><string>com.googleusercontent.apps.718432446608-ekr6agfdpa5hagsd269d4q36nmr7v88u</string></array></dict></array>",
                            "count": 1
                        }
                    ],
                    "NSAppTransportSecurity": [
                        {
                            "xml": "<dict><key>NSExceptionDomains</key><dict><key>facebook.com</key><dict><key>NSIncludesSubdomains</key><true /><key>NSThirdPartyExceptionRequiresForwardSecrecy</key><false /></dict><key>fbcdn.net</key><dict><key>NSIncludesSubdomains</key><true /><key>NSThirdPartyExceptionRequiresForwardSecrecy</key><false /></dict><key>akamaihd.net</key><dict><key>NSIncludesSubdomains</key><true /><key>NSThirdPartyExceptionRequiresForwardSecrecy</key><false /></dict></dict></dict>",
                            "count": 1
                        }
                    ],
                    "LSApplicationQueriesSchemes": [
                        {
                            "xml": "<array><string>fbapi</string><string>fb-messenger-api</string><string>fbauth2</string><string>fbshareextension</string></array>",
                            "count": 1
                        },
                        {
                            "xml": "<array><string>citymapper</string><string>comgooglemaps</string><string>navigon</string><string>transit</string><string>waze</string><string>yandexnavi</string><string>uber</string><string>tomtomhome</string><string>com.sygic.aura</string><string>here-route</string><string>moovit</string></array>",
                            "count": 1
                        }
                    ],
                    "NSLocationWhenInUseUsageDescription": [
                        {
                            "xml": "<string />",
                            "count": 1
                        }
                    ]
                }
            },
            "*/Entitlements-Debug.plist": {
                "parents": {
                    "aps-environment": [
                        {
                            "xml": "<string>development</string>",
                            "count": 1
                        }
                    ]
                }
            },
            "*/Entitlements-Release.plist": {
                "parents": {
                    "aps-environment": [
                        {
                            "xml": "<string>production</string>",
                            "count": 1
                        }
                    ]
                }
            }
        }
    },
    "installed_plugins": {
        "cordova-plugin-compat": {
            "PACKAGE_NAME": "com.ionicframework.scgasapp734434"
        },
        "cordova-plugin-console": {
            "PACKAGE_NAME": "com.ionicframework.scgasapp734434"
        },
        "cordova-plugin-device": {
            "PACKAGE_NAME": "com.ionicframework.scgasapp734434"
        },
        "cordova-plugin-dialogs": {
            "PACKAGE_NAME": "com.ionicframework.scgasapp734434"
        },
        "cordova-plugin-facebook4": {
            "APP_ID": "1857306741157529",
            "APP_NAME": "scgasapp",
            "PACKAGE_NAME": "com.ionicframework.scgasapp734434"
        },
        "cordova-plugin-geolocation": {
            "PACKAGE_NAME": "com.ionicframework.scgasapp734434"
        },
        "cordova-plugin-googleplus": {
            "REVERSED_CLIENT_ID": "com.googleusercontent.apps.718432446608-ekr6agfdpa5hagsd269d4q36nmr7v88u",
            "PACKAGE_NAME": "com.ionicframework.scgasapp734434"
        },
        "cordova-plugin-splashscreen": {
            "PACKAGE_NAME": "com.ionicframework.scgasapp734434"
        },
        "cordova-plugin-statusbar": {
            "PACKAGE_NAME": "com.ionicframework.scgasapp734434"
        },
        "cordova-plugin-whitelist": {
            "PACKAGE_NAME": "com.ionicframework.scgasapp734434"
        },
        "cordova-plugin-x-toast": {
            "PACKAGE_NAME": "com.ionicframework.scgasapp734434"
        },
        "ionic-plugin-keyboard": {
            "PACKAGE_NAME": "com.ionicframework.scgasapp734434"
        },
        "cordova-plugin-actionsheet": {
            "PACKAGE_NAME": "com.ionicframework.scgasapp734434"
        },
        "uk.co.workingedge.phonegap.plugin.launchnavigator": {
            "PACKAGE_NAME": "com.ionicframework.scgasapp734434"
        },
        "cordova-plugin-inappbrowser": {
            "PACKAGE_NAME": "com.ionicframework.scgasapp734434"
        },
        "cordova-plugin-firebase": {
            "PACKAGE_NAME": "com.ionicframework.scgasapp734434"
        }
    },
    "dependent_plugins": {},
    "modules": [
        {
            "file": "plugins/cordova-plugin-console/www/console-via-logger.js",
            "id": "cordova-plugin-console.console",
            "pluginId": "cordova-plugin-console",
            "clobbers": [
                "console"
            ]
        },
        {
            "file": "plugins/cordova-plugin-console/www/logger.js",
            "id": "cordova-plugin-console.logger",
            "pluginId": "cordova-plugin-console",
            "clobbers": [
                "cordova.logger"
            ]
        },
        {
            "file": "plugins/cordova-plugin-device/www/device.js",
            "id": "cordova-plugin-device.device",
            "pluginId": "cordova-plugin-device",
            "clobbers": [
                "device"
            ]
        },
        {
            "file": "plugins/cordova-plugin-dialogs/www/notification.js",
            "id": "cordova-plugin-dialogs.notification",
            "pluginId": "cordova-plugin-dialogs",
            "merges": [
                "navigator.notification"
            ]
        },
        {
            "file": "plugins/cordova-plugin-facebook4/www/facebook-native.js",
            "id": "cordova-plugin-facebook4.FacebookConnectPlugin",
            "pluginId": "cordova-plugin-facebook4",
            "clobbers": [
                "facebookConnectPlugin"
            ]
        },
        {
            "file": "plugins/cordova-plugin-geolocation/www/Coordinates.js",
            "id": "cordova-plugin-geolocation.Coordinates",
            "pluginId": "cordova-plugin-geolocation",
            "clobbers": [
                "Coordinates"
            ]
        },
        {
            "file": "plugins/cordova-plugin-geolocation/www/PositionError.js",
            "id": "cordova-plugin-geolocation.PositionError",
            "pluginId": "cordova-plugin-geolocation",
            "clobbers": [
                "PositionError"
            ]
        },
        {
            "file": "plugins/cordova-plugin-geolocation/www/Position.js",
            "id": "cordova-plugin-geolocation.Position",
            "pluginId": "cordova-plugin-geolocation",
            "clobbers": [
                "Position"
            ]
        },
        {
            "file": "plugins/cordova-plugin-geolocation/www/geolocation.js",
            "id": "cordova-plugin-geolocation.geolocation",
            "pluginId": "cordova-plugin-geolocation",
            "clobbers": [
                "navigator.geolocation"
            ]
        },
        {
            "file": "plugins/cordova-plugin-googleplus/www/GooglePlus.js",
            "id": "cordova-plugin-googleplus.GooglePlus",
            "pluginId": "cordova-plugin-googleplus",
            "clobbers": [
                "window.plugins.googleplus"
            ]
        },
        {
            "file": "plugins/cordova-plugin-splashscreen/www/splashscreen.js",
            "id": "cordova-plugin-splashscreen.SplashScreen",
            "pluginId": "cordova-plugin-splashscreen",
            "clobbers": [
                "navigator.splashscreen"
            ]
        },
        {
            "file": "plugins/cordova-plugin-statusbar/www/statusbar.js",
            "id": "cordova-plugin-statusbar.statusbar",
            "pluginId": "cordova-plugin-statusbar",
            "clobbers": [
                "window.StatusBar"
            ]
        },
        {
            "file": "plugins/cordova-plugin-x-toast/www/Toast.js",
            "id": "cordova-plugin-x-toast.Toast",
            "pluginId": "cordova-plugin-x-toast",
            "clobbers": [
                "window.plugins.toast"
            ]
        },
        {
            "file": "plugins/cordova-plugin-x-toast/test/tests.js",
            "id": "cordova-plugin-x-toast.tests",
            "pluginId": "cordova-plugin-x-toast"
        },
        {
            "file": "plugins/ionic-plugin-keyboard/www/ios/keyboard.js",
            "id": "ionic-plugin-keyboard.keyboard",
            "pluginId": "ionic-plugin-keyboard",
            "clobbers": [
                "cordova.plugins.Keyboard"
            ],
            "runs": true
        },
        {
            "file": "plugins/cordova-plugin-actionsheet/www/ActionSheet.js",
            "id": "cordova-plugin-actionsheet.ActionSheet",
            "pluginId": "cordova-plugin-actionsheet",
            "clobbers": [
                "window.plugins.actionsheet"
            ]
        },
        {
            "file": "plugins/uk.co.workingedge.phonegap.plugin.launchnavigator/www/common.js",
            "id": "uk.co.workingedge.phonegap.plugin.launchnavigator.Common",
            "pluginId": "uk.co.workingedge.phonegap.plugin.launchnavigator",
            "clobbers": [
                "launchnavigator"
            ]
        },
        {
            "file": "plugins/uk.co.workingedge.phonegap.plugin.launchnavigator/www/ios/launchnavigator.js",
            "id": "uk.co.workingedge.phonegap.plugin.launchnavigator.LaunchNavigator",
            "pluginId": "uk.co.workingedge.phonegap.plugin.launchnavigator",
            "merges": [
                "launchnavigator"
            ]
        },
        {
            "file": "plugins/cordova-plugin-inappbrowser/www/inappbrowser.js",
            "id": "cordova-plugin-inappbrowser.inappbrowser",
            "pluginId": "cordova-plugin-inappbrowser",
            "clobbers": [
                "cordova.InAppBrowser.open",
                "window.open"
            ]
        },
        {
            "file": "plugins/cordova-plugin-firebase/www/firebase.js",
            "id": "cordova-plugin-firebase.FirebasePlugin",
            "pluginId": "cordova-plugin-firebase",
            "clobbers": [
                "FirebasePlugin"
            ]
        }
    ],
    "plugin_metadata": {
        "cordova-plugin-compat": "1.1.0",
        "cordova-plugin-console": "1.0.4",
        "cordova-plugin-device": "1.1.3",
        "cordova-plugin-dialogs": "1.3.0",
        "cordova-plugin-facebook4": "1.7.4",
        "cordova-plugin-geolocation": "2.4.0",
        "cordova-plugin-googleplus": "5.1.1",
        "cordova-plugin-splashscreen": "4.0.0",
        "cordova-plugin-statusbar": "2.2.0",
        "cordova-plugin-whitelist": "1.3.0",
        "cordova-plugin-x-toast": "2.5.2",
        "ionic-plugin-keyboard": "2.2.1",
        "cordova-plugin-actionsheet": "2.3.3",
        "uk.co.workingedge.phonegap.plugin.launchnavigator": "3.2.1",
        "cordova-plugin-inappbrowser": "1.6.1",
        "cordova-plugin-firebase": "0.1.19"
    }
}